"Map .","Sheet","Map Title","Location","Scale","Date of Creation","Notes","Map URL"
"1",15.00,"Geological Map of Area South of Marquette (Marquette County, Michigan)","Township 47 North, Range 25 West, NW quarter","1:7920","ca. 1893",,"http://digital.library.wisc.edu/1711.dl/EcoNatRes.lsmap001"
"2",16.00,"Geological Map of Area South of Marquette (Marquette County, Michigan)","Township 47 North, Range 25 West, NE quarter","1:7920","1893","Only sections 1-3 and 10 are partially mapped.","http://digital.library.wisc.edu/1711.dl/EcoNatRes.lsmap002"
"5",8.00,"Geological Map of Marquette and the Carp River (Marquette County, Michigan)","Township 48 North, Range 25 West, SE quarter","1:7920","ca. 1894",,"http://digital.library.wisc.edu/1711.dl/EcoNatRes.lsmap003"
"6",7.00,"Geological Map of Area East of Marquette (Marquette County, Michigan)","Township 48 North, Range 25 West, SW quarter","1:7920","ca. 1893",,"http://digital.library.wisc.edu/1711.dl/EcoNatRes.lsmap004"
"7",13.00,"Geological Map of Negaunee (Marquette County, Michigan)","Township 47 North, Range 26 West, NW quarter","1:7920","ca. 1893",,"http://digital.library.wisc.edu/1711.dl/EcoNatRes.lsmap005"
"8",14.00,"Geological Map of Area East of Negaunee (Marquette County, Michigan)","Township 47 North, Range  26 West, NE quarter","1:7920","ca. 1893",,"http://digital.library.wisc.edu/1711.dl/EcoNatRes.lsmap006"
"9",21.00,"Geological Map of Palmer (Marquette County, Michigan)","Township 47 North, Range 26 West, SW quarter","1:7920","ca. 1893",,"http://digital.library.wisc.edu/1711.dl/EcoNatRes.lsmap007"
"10",22.00,"Geological Map of Area East of Palmer (Marquette County, Michigan)","Township 47 North, Range 26 West, SE quarter","1:7920","ca. 1893",,"http://digital.library.wisc.edu/1711.dl/EcoNatRes.lsmap008"
"12",9.00,"Contour Map of Negaunee Area (Marquette County, Michigan)","Vicinity of Negaunee","1:4800","1891","20 ft. contour lines, minimal mapping. No samples. Numbers seem to correlate to points in notebooks 125, 126  and 127.","http://digital.library.wisc.edu/1711.dl/EcoNatRes.lsmap009"
"13",,"Contour Map of Negaunee Area (Marquette County, Michigan)","Chicago and North Western Railway","1:4800","1893","This map duplicates some information from Map 7.","http://digital.library.wisc.edu/1711.dl/EcoNatRes.lsmap010"
"15",,"Contour Map of Negaunee Area (Marquette County, Michigan)","Township 48 North, Range 26 West, Sections 31-33","1:7920","1892","This map duplicates some of the information found on Map 18, and is incomplete.","http://digital.library.wisc.edu/1711.dl/EcoNatRes.lsmap011"
"16",6.00,"Geological Map of Area East of Marquette (Marquette County, Michigan)","Township 48 North, Range 26 West, SE quarter","1:7920","ca. 1893",,"http://digital.library.wisc.edu/1711.dl/EcoNatRes.lsmap012"
"17",,"Geological Map of Area East of Marquette (Marquette County, Michigan)","Township 48 North, Range 26 West, NE quarter","1:7920","ca. 1893",,"http://digital.library.wisc.edu/1711.dl/EcoNatRes.lsmap013"
"18",5.00,"Geological Map of Negaunee Area (Marquette County, Michigan)","Township 48 North, Range 26 West, SW quarter","1:7920","ca. 1892",,"http://digital.library.wisc.edu/1711.dl/EcoNatRes.lsmap014"
"22",11.00,"Geological Map of Ishpeming Area (Marquette County, Michigan)","Township 47 North, Range 27 West, NW quarter","1:7920","ca. 1894",,"http://digital.library.wisc.edu/1711.dl/EcoNatRes.lsmap015"
"23",12.00,"Geological Map of Ishpeming and Negaunee (Marquette County, Michigan)","Township 47 North, Range 27 West, NE quarter","1:7920","1891",,"http://digital.library.wisc.edu/1711.dl/EcoNatRes.lsmap016"
"24",19.00,"Geological Map of Area South of Ishpeming (Marquette County, Michigan)","Township 47 North, Range 27 West, SW quarter","1:7920","ca. 1894","Sections 31-33 are only partially mapped.","http://digital.library.wisc.edu/1711.dl/EcoNatRes.lsmap017"
"25",20.00,"Geological Map of Area South of Ishpeming (Marquette County, Michigan)","Township 47 North, Range 27 West, SE quarter","1:7920","ca. 1891","Sections 34-36 are only partially mapped.","http://digital.library.wisc.edu/1711.dl/EcoNatRes.lsmap018"
"26",,"Geological Map of Area North of Ishpeming (Marquette County, Michigan)","Township 48 North, Range 27 West, NE quarter","1:7920","ca. 1893","Only partially mapped.","http://digital.library.wisc.edu/1711.dl/EcoNatRes.lsmap019"
"27",3.00,"Geological Map of Area North of Ishpeming (Marquette County, Michigan)","Township 48 North, Range 27 West, SW quarter","1:7920","ca. 1894",,"http://digital.library.wisc.edu/1711.dl/EcoNatRes.lsmap020"
"28",4.00,"Geological Map of Area North of Ishpeming and Negaunee (Marquette County, Michigan)","Township 48 North, Range 27 West, SE quarter","1:7920","ca. 1892",,"http://digital.library.wisc.edu/1711.dl/EcoNatRes.lsmap021"
"30",9.00,"Geological Map of Clarksburg (Marquette County, Michigan)","Township 47 North, Range 28 West, NW quarter","1:7920","ca. 1894",,"http://digital.library.wisc.edu/1711.dl/EcoNatRes.lsmap022"
"31",10.00,"Geological Map of Area West of Ishpeming (Greenwood) (Marquette County, Michigan)","Township 47 North, Range 28 West, NE quarter","1:7920","ca. 1891",,"http://digital.library.wisc.edu/1711.dl/EcoNatRes.lsmap023"
"32",17.00,"Geological Map of Area Southwest of Ishpeming (Marquette County, Michigan)","Township 47 North, Range 28 West, SW quarter","1:7920","ca. 1893","Only sections 19-21 are partially mapped.","http://digital.library.wisc.edu/1711.dl/EcoNatRes.lsmap024"
"33",18.00,"Geological Map of Area Southwest of Ishpeming (Marquette County, Michigan)","Township 47 North, Range 28 West, SE quarter","1:7920","1891",,"http://digital.library.wisc.edu/1711.dl/EcoNatRes.lsmap025"
"35",,"Geological Map of Area Northwest of Ishpeming (Marquette County, Michigan)","Township 48 North, Range 28 West, NW quarter","1:7920","1892","Only partially mapped.","http://digital.library.wisc.edu/1711.dl/EcoNatRes.lsmap026"
"36",1.00,"Geological Map of Area North of Diorite (Marquette County, Michigan)","Township 48 North, Range 28 West, SW quarter","1:7920","ca. 1893",,"http://digital.library.wisc.edu/1711.dl/EcoNatRes.lsmap027"
"37",2.00,"Geological Map of Area Northwest of Ishpeming (Marquette County, Michigan)","Township 48 North, Range 28 West, SE quarter","1:7920","ca. 1892",,"http://digital.library.wisc.edu/1711.dl/EcoNatRes.lsmap028"
"43",,"Geological Map of Area East of Crystal Falls (Iron County, Michigan)","Township 43 North, Range 31 West","1:15840","ca. 1892","The base map is an enlarged version of MapID 63.","http://digital.library.wisc.edu/1711.dl/EcoNatRes.lsmap029"
"44",,"Geological Map of Area East of Crystal Falls, Iron and Dickinson Counties, Michigan","Township 43 North, Range 31 West","1:15840","ca. 1892","The base map is an enlarged version of MapID 63. Outcrops identified, but no samples.","http://digital.library.wisc.edu/1711.dl/EcoNatRes.lsmap030"
"46",,"Geological Map of Area North of Crystal Falls (Iron County, Michigan)","Township 43 North, Range 32 West","1:15840","1892","Also duplicates information from Maps 47 and 74.","http://digital.library.wisc.edu/1711.dl/EcoNatRes.lsmap031"
"47",,"Geological Map of Area North of Crystal Falls (Iron County, Michigan)","Township 43 North, Range 32 West","1:15840","ca. 1895","This map duplicates some information from Map 74. Map 74 is the original.","http://digital.library.wisc.edu/1711.dl/EcoNatRes.lsmap032"
"48",,"Geological Map of Area North of Crystal Falls (Iron County, Michigan)","Township 44 North, Range 32 West","1:15480","ca. 1895","Duplicates information on map 49.","http://digital.library.wisc.edu/1711.dl/EcoNatRes.lsmap033"
"49",,"Geological Map of Area North of Crystal Falls (Iron County, Michigan)","Township 44 North, Range 32 West","1:15480","ca. 1895","Western sections on map are cut off.","http://digital.library.wisc.edu/1711.dl/EcoNatRes.lsmap034"
"51",,"Geological Map of Area North of Amasa (Iron County, Michigan)","Township 45 North, Range 33 West","1:15480","1891","Maps 51 and 52 appear to contain duplicate information.","http://digital.library.wisc.edu/1711.dl/EcoNatRes.lsmap035"
"52",,"Geological Map of Area North of Amasa (Iron County, Michigan)","Township 45 North, Range 33 West","1:15480","1891","Maps 51 and 52 appear to contain duplicate information. Map 52 has a note reading ""To be revised Dec. 15""","http://digital.library.wisc.edu/1711.dl/EcoNatRes.lsmap036"
"53",,"Geological Map of Area North of Amasa (Iron County, Michigan)","Township 45 North, Range 33 West","1:15480","1892","Some duplication of maps 51 and 52, some samples unique to this map.","http://digital.library.wisc.edu/1711.dl/EcoNatRes.lsmap037"
"55",6.00,"Contour Map of Negaunee (Marquette County, Michigan)","Townships 47 and 48 North, Range 27 West","1:4800","1891","20 ft. contour lines, minimal mapping. No samples. Numbers seem to correlate to points in notebooks 125, 126  and 127.","http://digital.library.wisc.edu/1711.dl/EcoNatRes.lsmap038"
"56",7.00,"Contour Map of Negaunee (Marquette County, Michigan)","Townships 47 and 48 North, Range 27 West","1:4800","1891","20 ft. contour lines, minimal mapping. No samples. Numbers seem to correlate to points in notebooks 125, 126  and 127.","http://digital.library.wisc.edu/1711.dl/EcoNatRes.lsmap039"
"57",,"Geological Map of Area South of Ishpeming (Marquette County, Michigan)","Townships 46, 47 North, Ranges 26, 27 West","1:31680","1893","Sample and outcrop locations only. No other mapping.","http://digital.library.wisc.edu/1711.dl/EcoNatRes.lsmap040"
"58",,"Geological Map of Northern Marquette County, Michigan","Townships 48-52 North, Ranges 26-29 North","1:63360","ca. 1887",,"http://digital.library.wisc.edu/1711.dl/EcoNatRes.lsmap041"
"60",8.00,"Contour Map of Negaunee (Marquette County, Michigan)","Townships 47 and 48 North, Range 26 West","1:4800","1891","20 ft. contour lines, minimal mapping. No samples. Numbers seem to correlate to points in notebooks 125, 126  and 127.","http://digital.library.wisc.edu/1711.dl/EcoNatRes.lsmap042"
"62",,"Geological Map of Area North of Metropolitan (Dickinson County, Michigan)","Towships 42, 43 North, Ranges 28, 29 West","1:31680","ca. 1896","20 ft. contour lines, datum mean sea level. Map is incomplete.","http://digital.library.wisc.edu/1711.dl/EcoNatRes.lsmap043"
"65",,"Geological Map of Area East of Republic (Marquette County, Michigan)","Towships 46, 47 North, Ranges 28, 29 West","1:31680","1893","Map is very incomplete.","http://digital.library.wisc.edu/1711.dl/EcoNatRes.lsmap044"
"66",,"Geological Map of Area North of Iron Mountain (Dickinson County, Michigan)","Township 41 North, Ranges 29, 30 West","1:31680","ca. 1896",,"http://digital.library.wisc.edu/1711.dl/EcoNatRes.lsmap045"
"68",,"Contour and Geological Map Michigamme and Spur Mines, Sheet 1, Michigamme, Baraga and Marquette Counties","Michigamme and Spur Mines","1:3600","1893","Some map sample numbers are different from notebook sample numbers. See notes on individual samples. Related to Map ID 72","http://digital.library.wisc.edu/1711.dl/EcoNatRes.lsmap046"
"72",,"Geological Map of Area North of Iron Mountain (Dickinson County, Michigan)","Township 41 North, Ranges 31, 32 West","1:31680","1895","Only partially mapped.","http://digital.library.wisc.edu/1711.dl/EcoNatRes.lsmap047"
"74",,"Geological Map of Crystal Falls and the Paint River (Iron County, Michigan)","Townships 42, 43 North, Ranges 32, 33 West","1:31680","ca. 1895","Map shows a small corner of Wisconsin. It shows two samples, but they are located in Michigan in the notebooks.","http://digital.library.wisc.edu/1711.dl/EcoNatRes.lsmap048"
"78",5.00,"Geological Map of Area West of Michigamme, Baraga and Iron Counties, Michigan","Townships 46, 47 North, Ranges 32, 33 West","1:31680","1891","This map and Map 77 appear to contain duplicate information. Map 77 is the original. 20 ft. contour lines, datum mean sea level.","http://digital.library.wisc.edu/1711.dl/EcoNatRes.lsmap050"
"83",7.00,"Geological Map of Area West of Amasa (Iron County, Michigan)","Townships 44, 45 North, Ranges 34, 35 West","1:31680","ca. 1891","Maps 82, 83 and 84 appear to contain duplicate information. Map 82 is the original. 20 ft. contour lines, datum mean sea level.","http://digital.library.wisc.edu/1711.dl/EcoNatRes.lsmap052"
"84",,"Geological Map of Area West of Amasa (Iron County, Michigan)","Townships 44, 45 North, Ranges 34, 35 West","1:31680","ca. 1891","Maps 82, 83 and 84 appear to contain duplicate information. Map 82 is the original. 20 ft. contour lines, datum mean sea level.","http://digital.library.wisc.edu/1711.dl/EcoNatRes.lsmap053"
"85",,"Geological Map of Sidnaw, Iron, Houghton, and Baraga Counties, Michigan","Townships 46, 47 North, ranges 34, 35 West","1:31680","ca. 1891","Maps 85, 86, and 88 appear to contain duplicate information. Map 88 is the original.","http://digital.library.wisc.edu/1711.dl/EcoNatRes.lsmap054"
"86",,"Geological Map of Sidnaw, Iron, Houghton, and Baraga Counties, Michigan","Townships 46, 47 North, Ranges 34, 35 West","1:31680","ca. 1891","Maps 85, 86, and 88 appear to contain duplicate information. Map 88 is the original.","http://digital.library.wisc.edu/1711.dl/EcoNatRes.lsmap055"
"91",,"Geological Map of Area North of Sidnaw, Houghton and Baraga Counties, Michigan","Township 48 North, Range 35 West","1:31680","ca. 1891","Only partially complete. This map duplicates information found on Map 98.","http://digital.library.wisc.edu/1711.dl/EcoNatRes.lsmap057"
"92",,"Geological Map of Area West of Iron River (Iron County, Michigan), with part of Forest and Vilas Counties, Wisconsin","Township 41 North, Ranges 12-14 East, Wisconsin, Townships 42, 43 North, Ranges 36, 37, Michigan","1:31680","1890",,"http://digital.library.wisc.edu/1711.dl/EcoNatRes.lsmap058"
"93",,"Geological Map of Elmwood Area (Iron County, Michigan)","Townships 44, 45 North, Ranges 36, 37 West","1:31680","ca. 1891","Mapping incomplete. 20 ft. contour lines, datum mean sea level.","http://digital.library.wisc.edu/1711.dl/EcoNatRes.lsmap059"
"94",,"Geological Map of Kenton Area, Houghton and Iron Counties, Michigan","Townships 46, 47 North, Ranges 36, 37 West","1:31680","ca. 1891","Mapping is incomplete.","http://digital.library.wisc.edu/1711.dl/EcoNatRes.lsmap060"
"98",,"Geological Map of Area around Baraga, Baraga, Houghton, and Ontonagon Counties, Michigan","Townships 48-51 North, Ranges 33-37 West","1:63360","ca. 1891",,"http://digital.library.wisc.edu/1711.dl/EcoNatRes.lsmap061"
"[none given]",,"Geological Map of the Randville-Sagola Area, Iron and Dickinson Counties, Michigan","Townships 42, 43 North, Ranges 30, 31 West","1:31680","ca. 1895","20 ft. contour lines, datum mean sea level.","http://digital.library.wisc.edu/1711.dl/EcoNatRes.lsmap063"
"[none given]",,"Geological Map of Area North of Channing, Dickinson, Iron, and Marquette Counties, Michigan","Townships 44, 45 North, Ranges 30, 31 West","1:31680","ca. 1891","20 ft. contour lines, datum mean sea level","http://digital.library.wisc.edu/1711.dl/EcoNatRes.lsmap065"
"88",,"Geological Map of Sidnaw, Iron, Houghton, and Baraga Counties, Michigan","Townships 46, 47 North, Ranges 34, 35 West","1:31680",,"Maps 85, 86, and 88 appear to contain duplicate information. Map 88 is the original. 20 ft. contour lines, datum mean sea level","http://digital.library.wisc.edu/1711.dl/EcoNatRes.lsmap066"
"77",,"Geological Map of Area West of Michigamme, Baraga and Iron Counties, Michigan","Townships 46, 47 North, Ranges 32, 33 West","1:31680","1891","This map and map 78 appear to contain duplicate information. This map is the original. 20 ft. contour lines, datum mean sea level.","http://digital.library.wisc.edu/1711.dl/EcoNatRes.lsmap067"
"82",,"Geological Map of Area West of Amasa (Iron County, Michigan)","Townships 44, 45 North, Ranges 34, 35 West","1:31680","ca. 1891","Maps 82, 83 and 84 appear to contain duplicate information. Map 82 is the original. 20 ft. contour lines, datum mean sea level.","http://digital.library.wisc.edu/1711.dl/EcoNatRes.lsmap068"
"[none given]",,"Geological Map of Area around Watersmeet, Gogebic and Ontonagon Counties, Michigan","Townships 44-47 North, Ranges 38-41 West","1:63360","1889","Map also contains part of T43N, R8-10E in Wisconsin, but no samples are mapped.","http://digital.library.wisc.edu/1711.dl/EcoNatRes.lsmap069"
"80",,"Geological Map of Iron River (Iron County, Michigan), with Parts of Florence and Forest Counties, Wisconsin","Townships 42, 43 North, Ranges 34, 35 West, Michigan, and Township 41 North, Ranges 14-16 East, Wisconsin","1:31680","1895",,"http://digital.library.wisc.edu/1711.dl/EcoNatRes.lsmap070"
"63",,"Surface Waters of Northern Wisconsin","Bayfield and Ashland Counties","1:101376",,"Partially completed map of rivers and lakes T43-48N, R1E - 5W. No samples.","http://digital.library.wisc.edu/1711.dl/EcoNatRes.lsmap071"
"[none given]",,"Contour and Geological Map Michigamme and Spur Mines, Sheet 2, Champion (Marquette County, Michigan)","Champion","1:3600","1893","Map sample numbers are different from notebook sample numbers. See notes on individual samples. Related to Map 68.","http://digital.library.wisc.edu/1711.dl/EcoNatRes.lsmap072"
